{"mean":{"confidence_interval":{"confidence_level":0.95,"lower_bound":-0.3578730481899483,"upper_bound":-0.35674419988989636},"point_estimate":-0.35729206444598094,"standard_error":0.0002872486607872917},"median":{"confidence_interval":{"confidence_level":0.95,"lower_bound":-0.35760895547751104,"upper_bound":-0.3571302455673183},"point_estimate":-0.35735506892172964,"standard_error":0.00011888419883243542}}