{"mean":{"confidence_interval":{"confidence_level":0.95,"lower_bound":-0.3306459777117545,"upper_bound":-0.3290255281228094},"point_estimate":-0.32976421743844786,"standard_error":0.0004162217611920055},"median":{"confidence_interval":{"confidence_level":0.95,"lower_bound":-0.3297432153346439,"upper_bound":-0.32936717161749196},"point_estimate":-0.32953732656089085,"standard_error":0.00009373979981794171}}