{"mean":{"confidence_interval":{"confidence_level":0.95,"lower_bound":812780.3189916176,"upper_bound":814029.6945771446},"point_estimate":813304.4316758651,"standard_error":323.3255908052187},"median":{"confidence_interval":{"confidence_level":0.95,"lower_bound":812545.3531099034,"upper_bound":812883.8569991055},"point_estimate":812765.9896085553,"standard_error":89.00238296712594},"median_abs_dev":{"confidence_interval":{"confidence_level":0.95,"lower_bound":504.4682423626298,"upper_bound":884.8986663588905},"point_estimate":660.0453977664968,"standard_error":94.39068573826067},"slope":{"confidence_interval":{"confidence_level":0.95,"lower_bound":812562.3983175961,"upper_bound":813639.4262741023},"point_estimate":812947.127644451,"standard_error":291.42937538376},"std_dev":{"confidence_interval":{"confidence_level":0.95,"lower_bound":918.334314170918,"upper_bound":5116.610092399196},"point_estimate":3239.8261925506954,"standard_error":1107.1378091644765}}