{"mean":{"confidence_interval":{"confidence_level":0.95,"lower_bound":-0.5497195454429388,"upper_bound":-0.5485718063917359},"point_estimate":-0.5490985114058642,"standard_error":0.00029210559207047064},"median":{"confidence_interval":{"confidence_level":0.95,"lower_bound":-0.5490663482346922,"upper_bound":-0.5486976397426844},"point_estimate":-0.5488814763366188,"standard_error":0.00009721377620869508}}