{"mean":{"confidence_interval":{"confidence_level":0.95,"lower_bound":-0.39765000352948954,"upper_bound":-0.3966471176324873},"point_estimate":-0.3971428277894906,"standard_error":0.00025489839965714504},"median":{"confidence_interval":{"confidence_level":0.95,"lower_bound":-0.3975269339698968,"upper_bound":-0.39700248939449984},"point_estimate":-0.39728104839182343,"standard_error":0.00013760577596736828}}