{"mean":{"confidence_interval":{"confidence_level":0.95,"lower_bound":-0.5321836210832693,"upper_bound":-0.5302733226580556},"point_estimate":-0.5313671097983604,"standard_error":0.0004923054446297765},"median":{"confidence_interval":{"confidence_level":0.95,"lower_bound":-0.5326421102877215,"upper_bound":-0.5321048256583132},"point_estimate":-0.5323759643364089,"standard_error":0.0001331462147672667}}