{"mean":{"confidence_interval":{"confidence_level":0.95,"lower_bound":-0.32540373431937475,"upper_bound":-0.321694476786372},"point_estimate":-0.3236055429731828,"standard_error":0.0009753233180737967},"median":{"confidence_interval":{"confidence_level":0.95,"lower_bound":-0.33044905271524316,"upper_bound":-0.32000011277646156},"point_estimate":-0.32501217461046383,"standard_error":0.0036921062839655847}}