{"mean":{"confidence_interval":{"confidence_level":0.95,"lower_bound":-0.15270892269308428,"upper_bound":-0.14843381030196182},"point_estimate":-0.15017400137882808,"standard_error":0.0011234355776805927},"median":{"confidence_interval":{"confidence_level":0.95,"lower_bound":-0.14908756253834454,"upper_bound":-0.14850022644369332},"point_estimate":-0.14875464696335505,"standard_error":0.0001452898240357157}}