{"mean":{"confidence_interval":{"confidence_level":0.95,"lower_bound":-0.11501987603847086,"upper_bound":-0.1121020117400798},"point_estimate":-0.11352937638464478,"standard_error":0.0007430648515855444},"median":{"confidence_interval":{"confidence_level":0.95,"lower_bound":-0.11596360969448816,"upper_bound":-0.11391633292236292},"point_estimate":-0.11514540647078764,"standard_error":0.0005365177681191604}}