{"mean":{"confidence_interval":{"confidence_level":0.95,"lower_bound":-0.2123048821706203,"upper_bound":-0.2104733140815476},"point_estimate":-0.21137195666579411,"standard_error":0.0004640763827465952},"median":{"confidence_interval":{"confidence_level":0.95,"lower_bound":-0.21180883375496284,"upper_bound":-0.2104065340109117},"point_estimate":-0.21119564364989263,"standard_error":0.0003527516723959877}}