{"mean":{"confidence_interval":{"confidence_level":0.95,"lower_bound":-0.03073472630206143,"upper_bound":-0.02000036622423662},"point_estimate":-0.024818825667523803,"standard_error":0.0027468925648746023},"median":{"confidence_interval":{"confidence_level":0.95,"lower_bound":-0.02302981911732782,"upper_bound":-0.01494373224369061},"point_estimate":-0.01727608708472128,"standard_error":0.0022517094997124127}}