{"mean":{"confidence_interval":{"confidence_level":0.95,"lower_bound":67776.16504329773,"upper_bound":67855.82666550876},"point_estimate":67812.28824194749,"standard_error":20.44799111536076},"median":{"confidence_interval":{"confidence_level":0.95,"lower_bound":67750.51020408163,"upper_bound":67787.47034932181},"point_estimate":67769.72574282147,"standard_error":8.84571554861924},"median_abs_dev":{"confidence_interval":{"confidence_level":0.95,"lower_bound":58.472135807437695,"upper_bound":94.15334982238186},"point_estimate":78.86873032532678,"standard_error":9.152239544138597},"slope":{"confidence_interval":{"confidence_level":0.95,"lower_bound":67742.6486125795,"upper_bound":67769.13571392183},"point_estimate":67755.42310290133,"standard_error":6.763452844440926},"std_dev":{"confidence_interval":{"confidence_level":0.95,"lower_bound":110.8491875729088,"upper_bound":282.8420845767202},"point_estimate":205.09419806809552,"standard_error":44.04419563611036}}