{"mean":{"confidence_interval":{"confidence_level":0.95,"lower_bound":-0.03249259261823037,"upper_bound":-0.03014722822830936},"point_estimate":-0.03128321178664417,"standard_error":0.0005962291290702586},"median":{"confidence_interval":{"confidence_level":0.95,"lower_bound":-0.03242483303160415,"upper_bound":-0.030485027062287395},"point_estimate":-0.031316055247974206,"standard_error":0.00047768633470592607}}