{"mean":{"confidence_interval":{"confidence_level":0.95,"lower_bound":-0.5087678815056907,"upper_bound":-0.5067591300159265},"point_estimate":-0.5078346188349957,"standard_error":0.0005258862309691788},"median":{"confidence_interval":{"confidence_level":0.95,"lower_bound":-0.5092186130029868,"upper_bound":-0.5087371410433124},"point_estimate":-0.5090176010677093,"standard_error":0.0001249800721068202}}