{"mean":{"confidence_interval":{"confidence_level":0.95,"lower_bound":326.3497417927083,"upper_bound":326.73008246215284},"point_estimate":326.52258079601336,"standard_error":0.0976492253391714},"median":{"confidence_interval":{"confidence_level":0.95,"lower_bound":326.1852973275835,"upper_bound":326.3267528761437},"point_estimate":326.20790117622704,"standard_error":0.03193065818500867},"median_abs_dev":{"confidence_interval":{"confidence_level":0.95,"lower_bound":0.2013951103098246,"upper_bound":0.3429628886396838},"point_estimate":0.27661841671936016,"standard_error":0.036947254221160214},"slope":{"confidence_interval":{"confidence_level":0.95,"lower_bound":326.22602354280144,"upper_bound":326.4333320481934},"point_estimate":326.3186106752253,"standard_error":0.05309948660784344},"std_dev":{"confidence_interval":{"confidence_level":0.95,"lower_bound":0.5334055859371843,"upper_bound":1.3821312448666758},"point_estimate":0.9828811848932019,"standard_error":0.21986178144385504}}