{"mean":{"confidence_interval":{"confidence_level":0.95,"lower_bound":-0.47058545311767025,"upper_bound":-0.46938221209992154},"point_estimate":-0.47001122610686275,"standard_error":0.0003113113479350967},"median":{"confidence_interval":{"confidence_level":0.95,"lower_bound":-0.4709129298541803,"upper_bound":-0.4703082775340235},"point_estimate":-0.4705708617924138,"standard_error":0.00015247464344218497}}