{"mean":{"confidence_interval":{"confidence_level":0.95,"lower_bound":-0.0390560409273711,"upper_bound":-0.030817872751820338},"point_estimate":-0.03480825995952619,"standard_error":0.0020967144741500477},"median":{"confidence_interval":{"confidence_level":0.95,"lower_bound":-0.03473082969730801,"upper_bound":-0.022855810920042297},"point_estimate":-0.026112547589031032,"standard_error":0.0035154106194658927}}