{"mean":{"confidence_interval":{"confidence_level":0.95,"lower_bound":726587.8353337056,"upper_bound":727541.3765086636},"point_estimate":727016.2825516687,"standard_error":244.57434440635086},"median":{"confidence_interval":{"confidence_level":0.95,"lower_bound":726166.6666666666,"upper_bound":726494.2297149122},"point_estimate":726276.4089861751,"standard_error":82.26032240659663},"median_abs_dev":{"confidence_interval":{"confidence_level":0.95,"lower_bound":419.97462683380473,"upper_bound":879.3867718784247},"point_estimate":617.0343669486635,"standard_error":119.62850027611738},"slope":{"confidence_interval":{"confidence_level":0.95,"lower_bound":726055.2377524755,"upper_bound":726293.6803377514},"point_estimate":726170.0970533472,"standard_error":61.07484540352737},"std_dev":{"confidence_interval":{"confidence_level":0.95,"lower_bound":1234.1592029273334,"upper_bound":3476.821871956132},"point_estimate":2450.865551354101,"standard_error":575.3681730108934}}