{"mean":{"confidence_interval":{"confidence_level":0.95,"lower_bound":-0.5656272932565511,"upper_bound":-0.5648758385145719},"point_estimate":-0.5652359518820618,"standard_error":0.000191735056304549},"median":{"confidence_interval":{"confidence_level":0.95,"lower_bound":-0.5651639183868699,"upper_bound":-0.5648290661940878},"point_estimate":-0.5649638552107102,"standard_error":0.00008446899030823032}}