{"mean":{"confidence_interval":{"confidence_level":0.95,"lower_bound":-0.3865354403825689,"upper_bound":-0.38551749656687945},"point_estimate":-0.38602056119571937,"standard_error":0.0002608128737489877},"median":{"confidence_interval":{"confidence_level":0.95,"lower_bound":-0.38631492254938393,"upper_bound":-0.3859605622105544},"point_estimate":-0.386193936376545,"standard_error":0.00008575099917743609}}