{"mean":{"confidence_interval":{"confidence_level":0.95,"lower_bound":127988.42136794157,"upper_bound":128531.89920592896},"point_estimate":128238.5802164634,"standard_error":138.45125739257273},"median":{"confidence_interval":{"confidence_level":0.95,"lower_bound":127603.79565763052,"upper_bound":127700.22413793103},"point_estimate":127620.3163620283,"standard_error":25.34575362062173},"median_abs_dev":{"confidence_interval":{"confidence_level":0.95,"lower_bound":60.14910779084465,"upper_bound":202.16149412199312},"point_estimate":89.959133100231,"standard_error":37.10771809990014},"slope":{"confidence_interval":{"confidence_level":0.95,"lower_bound":127954.19019959836,"upper_bound":128762.276665153},"point_estimate":128302.92638576917,"standard_error":209.52280805013476},"std_dev":{"confidence_interval":{"confidence_level":0.95,"lower_bound":871.2418407828083,"upper_bound":1884.8006332465272},"point_estimate":1395.086680904245,"standard_error":262.7188077511919}}