{"mean":{"confidence_interval":{"confidence_level":0.95,"lower_bound":-0.03172602850891788,"upper_bound":-0.029057305489292494},"point_estimate":-0.03036901129488967,"standard_error":0.0006785909729568483},"median":{"confidence_interval":{"confidence_level":0.95,"lower_bound":-0.03153596793764955,"upper_bound":-0.02928738062275782},"point_estimate":-0.030353073299747346,"standard_error":0.0005480977232473978}}