{"mean":{"confidence_interval":{"confidence_level":0.95,"lower_bound":-0.533951370053879,"upper_bound":-0.5319982255270841},"point_estimate":-0.5330100854440585,"standard_error":0.0004922480436938714},"median":{"confidence_interval":{"confidence_level":0.95,"lower_bound":-0.5345502402220925,"upper_bound":-0.5323673326873541},"point_estimate":-0.5336222680359909,"standard_error":0.0005911917858209939}}