{"mean":{"confidence_interval":{"confidence_level":0.95,"lower_bound":185675.7055484401,"upper_bound":186052.57298379624},"point_estimate":185843.82528220932,"standard_error":96.56343092659093},"median":{"confidence_interval":{"confidence_level":0.95,"lower_bound":185557.29166666666,"upper_bound":185716.79025089607},"point_estimate":185660.26179012345,"standard_error":49.57661382861313},"median_abs_dev":{"confidence_interval":{"confidence_level":0.95,"lower_bound":237.92379999823197,"upper_bound":452.7352391845706},"point_estimate":336.92710369822623,"standard_error":57.67980382777484},"slope":{"confidence_interval":{"confidence_level":0.95,"lower_bound":185606.808301351,"upper_bound":185738.69600725747},"point_estimate":185671.21396679967,"standard_error":33.69193351472308},"std_dev":{"confidence_interval":{"confidence_level":0.95,"lower_bound":482.9696628913336,"upper_bound":1387.4390861647473},"point_estimate":963.5807341843037,"standard_error":234.707000889542}}