{"mean":{"confidence_interval":{"confidence_level":0.95,"lower_bound":-0.3179450881819953,"upper_bound":-0.3166217766454116},"point_estimate":-0.317278772246691,"standard_error":0.0003372846540899004},"median":{"confidence_interval":{"confidence_level":0.95,"lower_bound":-0.31762679363599744,"upper_bound":-0.31707516415132864},"point_estimate":-0.3173240706719903,"standard_error":0.00014085243181900033}}