{"mean":{"confidence_interval":{"confidence_level":0.95,"lower_bound":-0.02952174222433925,"upper_bound":-0.026853631216038273},"point_estimate":-0.02824746694564506,"standard_error":0.0006774442940057948},"median":{"confidence_interval":{"confidence_level":0.95,"lower_bound":-0.03025454618968404,"upper_bound":-0.028017229251290354},"point_estimate":-0.029075294007998687,"standard_error":0.0005491308996278271}}