{"mean":{"confidence_interval":{"confidence_level":0.95,"lower_bound":-0.3875689108439206,"upper_bound":-0.38614274955053507},"point_estimate":-0.386851345702078,"standard_error":0.0003646009666143488},"median":{"confidence_interval":{"confidence_level":0.95,"lower_bound":-0.38726743786666484,"upper_bound":-0.3863380481395695},"point_estimate":-0.3867943415112991,"standard_error":0.00024279359436761133}}