{"mean":{"confidence_interval":{"confidence_level":0.95,"lower_bound":1435.0572375067516,"upper_bound":1437.964236334504},"point_estimate":1436.521103446935,"standard_error":0.7401726588767156},"median":{"confidence_interval":{"confidence_level":0.95,"lower_bound":1434.3743242458022,"upper_bound":1437.0048253633158},"point_estimate":1435.2172554586195,"standard_error":0.7761242746769864},"median_abs_dev":{"confidence_interval":{"confidence_level":0.95,"lower_bound":3.250806501887951,"upper_bound":6.253634556624245},"point_estimate":4.910935549162166,"standard_error":0.7626671900847499},"slope":{"confidence_interval":{"confidence_level":0.95,"lower_bound":1435.265307923796,"upper_bound":1437.1658686246046},"point_estimate":1436.1750142789338,"standard_error":0.48759683913534596},"std_dev":{"confidence_interval":{"confidence_level":0.95,"lower_bound":5.676869168066207,"upper_bound":9.253459226868692},"point_estimate":7.47940260014575,"standard_error":0.9180214845149518}}