{"mean":{"confidence_interval":{"confidence_level":0.95,"lower_bound":-0.2230568659928036,"upper_bound":-0.22109210898198256},"point_estimate":-0.2220282294224023,"standard_error":0.0004992584046648916},"median":{"confidence_interval":{"confidence_level":0.95,"lower_bound":-0.22209471086456556,"upper_bound":-0.22099424540665913},"point_estimate":-0.22157482534718986,"standard_error":0.00029002968672281937}}