{"mean":{"confidence_interval":{"confidence_level":0.95,"lower_bound":817.6659406945873,"upper_bound":819.3162644528984},"point_estimate":818.4353702023759,"standard_error":0.420272495803185},"median":{"confidence_interval":{"confidence_level":0.95,"lower_bound":817.1833838383839,"upper_bound":818.4576715774344},"point_estimate":817.7290288427764,"standard_error":0.3509742341441039},"median_abs_dev":{"confidence_interval":{"confidence_level":0.95,"lower_bound":1.800034136609476,"upper_bound":3.0599677895948494},"point_estimate":2.350188754946557,"standard_error":0.3159284372192088},"slope":{"confidence_interval":{"confidence_level":0.95,"lower_bound":817.0493791828874,"upper_bound":817.9272086513748},"point_estimate":817.4704545686591,"standard_error":0.22475129266768554},"std_dev":{"confidence_interval":{"confidence_level":0.95,"lower_bound":2.7057187840895565,"upper_bound":5.820108854984512},"point_estimate":4.202731928127011,"standard_error":0.859872580927734}}