{"mean":{"confidence_interval":{"confidence_level":0.95,"lower_bound":-0.14721311666196596,"upper_bound":-0.06688001284144475},"point_estimate":-0.10393944019260037,"standard_error":0.02074368080847938},"median":{"confidence_interval":{"confidence_level":0.95,"lower_bound":-0.05584479239672957,"upper_bound":-0.02647780608484096},"point_estimate":-0.033136615947174985,"standard_error":0.006781923108939403}}