{"mean":{"confidence_interval":{"confidence_level":0.95,"lower_bound":1074.589546243013,"upper_bound":1076.5629118633408},"point_estimate":1075.5239917598979,"standard_error":0.50361657286546},"median":{"confidence_interval":{"confidence_level":0.95,"lower_bound":1073.791759094761,"upper_bound":1075.5430142209561},"point_estimate":1074.4862595681552,"standard_error":0.407740190316365},"median_abs_dev":{"confidence_interval":{"confidence_level":0.95,"lower_bound":2.418840006820917,"upper_bound":3.9355167276383107},"point_estimate":3.365888560430522,"standard_error":0.39466768460155394},"slope":{"confidence_interval":{"confidence_level":0.95,"lower_bound":1073.9291889698454,"upper_bound":1075.7231884271332},"point_estimate":1074.7533306043397,"standard_error":0.4580676786383426},"std_dev":{"confidence_interval":{"confidence_level":0.95,"lower_bound":3.4890075522527733,"upper_bound":6.475093592711298},"point_estimate":5.066191192848202,"standard_error":0.7673149258102228}}