{"mean":{"confidence_interval":{"confidence_level":0.95,"lower_bound":-0.393405282261626,"upper_bound":-0.3919503306475733},"point_estimate":-0.3926346267919457,"standard_error":0.0003700015770410735},"median":{"confidence_interval":{"confidence_level":0.95,"lower_bound":-0.39310328905449143,"upper_bound":-0.39224090126024413},"point_estimate":-0.39281067444090967,"standard_error":0.00022721190824278288}}