{"mean":{"confidence_interval":{"confidence_level":0.95,"lower_bound":-0.3768694417651603,"upper_bound":-0.37514003554736397},"point_estimate":-0.37588985309099887,"standard_error":0.0004453366559885782},"median":{"confidence_interval":{"confidence_level":0.95,"lower_bound":-0.37593599716020737,"upper_bound":-0.37544794300576445},"point_estimate":-0.3756826870606633,"standard_error":0.00011174156220972437}}