{"mean":{"confidence_interval":{"confidence_level":0.95,"lower_bound":-0.5258750695378984,"upper_bound":-0.5249457705385953},"point_estimate":-0.5253979625579493,"standard_error":0.0002366785934209047},"median":{"confidence_interval":{"confidence_level":0.95,"lower_bound":-0.5256495842160445,"upper_bound":-0.5252116585818409},"point_estimate":-0.5253997170341992,"standard_error":0.00011511708005398687}}