{"mean":{"confidence_interval":{"confidence_level":0.95,"lower_bound":-0.36114406241278363,"upper_bound":-0.35972266015797005},"point_estimate":-0.36045589945590617,"standard_error":0.00036540262180457145},"median":{"confidence_interval":{"confidence_level":0.95,"lower_bound":-0.36077811528983195,"upper_bound":-0.36004066913579047},"point_estimate":-0.3603644775616792,"standard_error":0.00018958569679778734}}