{"mean":{"confidence_interval":{"confidence_level":0.95,"lower_bound":-0.015026338955206359,"upper_bound":-0.01191568088106272},"point_estimate":-0.013582677350427175,"standard_error":0.0007993765456281637},"median":{"confidence_interval":{"confidence_level":0.95,"lower_bound":-0.014903709566547851,"upper_bound":-0.01259277117030111},"point_estimate":-0.013330232555587629,"standard_error":0.0006218664205851151}}