{"mean":{"confidence_interval":{"confidence_level":0.95,"lower_bound":-0.03333467494004862,"upper_bound":-0.02943113586875376},"point_estimate":-0.03143007498308237,"standard_error":0.0009967472054898184},"median":{"confidence_interval":{"confidence_level":0.95,"lower_bound":-0.03273627471794416,"upper_bound":-0.0294355431596246},"point_estimate":-0.03126630177741074,"standard_error":0.0008415467512753396}}