{"mean":{"confidence_interval":{"confidence_level":0.95,"lower_bound":-0.5455441096527853,"upper_bound":-0.5446247513833711},"point_estimate":-0.5451036763198445,"standard_error":0.00023426789682626375},"median":{"confidence_interval":{"confidence_level":0.95,"lower_bound":-0.5454668397559215,"upper_bound":-0.5451113920278334},"point_estimate":-0.5453069880231285,"standard_error":0.0000927692544724621}}