{"mean":{"confidence_interval":{"confidence_level":0.95,"lower_bound":-0.3898413780697288,"upper_bound":-0.3884857418611146},"point_estimate":-0.3891271795852803,"standard_error":0.00034453960366989303},"median":{"confidence_interval":{"confidence_level":0.95,"lower_bound":-0.3899582520130382,"upper_bound":-0.3886662128400218},"point_estimate":-0.38921292416238873,"standard_error":0.0003518644646350686}}