{"mean":{"confidence_interval":{"confidence_level":0.95,"lower_bound":-0.033715588286809844,"upper_bound":-0.027244669079276636},"point_estimate":-0.030323053235320696,"standard_error":0.001653091341101392},"median":{"confidence_interval":{"confidence_level":0.95,"lower_bound":-0.026279596476770584,"upper_bound":-0.023230856601252126},"point_estimate":-0.02538729589685451,"standard_error":0.000774593954399119}}