{"mean":{"confidence_interval":{"confidence_level":0.95,"lower_bound":1720.32658732105,"upper_bound":1724.8231001603538},"point_estimate":1722.5688671742487,"standard_error":1.1414351028828642},"median":{"confidence_interval":{"confidence_level":0.95,"lower_bound":1720.0561717593216,"upper_bound":1722.4963566318106},"point_estimate":1721.328115942029,"standard_error":0.6435624198954998},"median_abs_dev":{"confidence_interval":{"confidence_level":0.95,"lower_bound":3.9484556257749555,"upper_bound":6.888530127704157},"point_estimate":5.275005202610443,"standard_error":0.7227661236436663},"slope":{"confidence_interval":{"confidence_level":0.95,"lower_bound":1720.8244745657132,"upper_bound":1725.1178657442138},"point_estimate":1722.747670570094,"standard_error":1.1014321290809581},"std_dev":{"confidence_interval":{"confidence_level":0.95,"lower_bound":7.345472302144957,"upper_bound":15.268214748877394},"point_estimate":11.501208978589215,"standard_error":2.0298148629725827}}