{"mean":{"confidence_interval":{"confidence_level":0.95,"lower_bound":-0.5893283222488438,"upper_bound":-0.5877989351087647},"point_estimate":-0.5884269861022933,"standard_error":0.0003954394593133211},"median":{"confidence_interval":{"confidence_level":0.95,"lower_bound":-0.5882823342196446,"upper_bound":-0.5879888766303554},"point_estimate":-0.5881639380677522,"standard_error":0.00007519343595626274}}