{"mean":{"confidence_interval":{"confidence_level":0.95,"lower_bound":331.46765051205136,"upper_bound":333.677043833482},"point_estimate":332.5080188963909,"standard_error":0.5658872991990652},"median":{"confidence_interval":{"confidence_level":0.95,"lower_bound":329.57748124753255,"upper_bound":330.8723519112927},"point_estimate":329.82573550682713,"standard_error":0.4139975469607531},"median_abs_dev":{"confidence_interval":{"confidence_level":0.95,"lower_bound":0.45248865908078173,"upper_bound":2.1412255839717838},"point_estimate":1.0641971892702147,"standard_error":0.5033655908308337},"slope":{"confidence_interval":{"confidence_level":0.95,"lower_bound":330.4159612777081,"upper_bound":331.7776431146346},"point_estimate":331.05512061197106,"standard_error":0.3485953376679862},"std_dev":{"confidence_interval":{"confidence_level":0.95,"lower_bound":3.968261360608304,"upper_bound":7.083642108218213},"point_estimate":5.687118650551289,"standard_error":0.7966900024199921}}