{"mean":{"confidence_interval":{"confidence_level":0.95,"lower_bound":-0.30381925078866834,"upper_bound":-0.30063943859786674},"point_estimate":-0.30211752243338685,"standard_error":0.0008004958391899789},"median":{"confidence_interval":{"confidence_level":0.95,"lower_bound":-0.29937024079152774,"upper_bound":-0.29878285338840993},"point_estimate":-0.29906375926869355,"standard_error":0.00014286654414647737}}