{"mean":{"confidence_interval":{"confidence_level":0.95,"lower_bound":-0.1488200795014204,"upper_bound":-0.14767567132161746},"point_estimate":-0.14829917120930514,"standard_error":0.0002919126424599072},"median":{"confidence_interval":{"confidence_level":0.95,"lower_bound":-0.14881340262332332,"upper_bound":-0.1483258053081078},"point_estimate":-0.14858979912528558,"standard_error":0.00012281535820966096}}