{"mean":{"confidence_interval":{"confidence_level":0.95,"lower_bound":-0.5677182069422834,"upper_bound":-0.5670322552432957},"point_estimate":-0.5673754327226146,"standard_error":0.00017374997554287167},"median":{"confidence_interval":{"confidence_level":0.95,"lower_bound":-0.567538444365718,"upper_bound":-0.5673583102532433},"point_estimate":-0.5674495423070441,"standard_error":0.000044031739258813344}}