{"mean":{"confidence_interval":{"confidence_level":0.95,"lower_bound":-0.4603439578853628,"upper_bound":-0.45832587255439383},"point_estimate":-0.4591846416293256,"standard_error":0.0005218300391276319},"median":{"confidence_interval":{"confidence_level":0.95,"lower_bound":-0.4590647118506837,"upper_bound":-0.45854485377119336},"point_estimate":-0.45881743782084783,"standard_error":0.00013036231574545192}}