{"mean":{"confidence_interval":{"confidence_level":0.95,"lower_bound":-0.06986560218686666,"upper_bound":-0.0435339167790955},"point_estimate":-0.056008677871852264,"standard_error":0.00672628435452163},"median":{"confidence_interval":{"confidence_level":0.95,"lower_bound":-0.03774189688375251,"upper_bound":-0.024389767272554572},"point_estimate":-0.028058345320050693,"standard_error":0.0033453082861871447}}