{"mean":{"confidence_interval":{"confidence_level":0.95,"lower_bound":-0.10700281358329695,"upper_bound":-0.10515400919973347},"point_estimate":-0.10609575672223281,"standard_error":0.00047207827552761734},"median":{"confidence_interval":{"confidence_level":0.95,"lower_bound":-0.10659791150949165,"upper_bound":-0.1060487153222468},"point_estimate":-0.10641387770671284,"standard_error":0.00014112366284217058}}