{"mean":{"confidence_interval":{"confidence_level":0.95,"lower_bound":-0.3928629551484681,"upper_bound":-0.3894787236429391},"point_estimate":-0.3913070129491918,"standard_error":0.0009247185193957884},"median":{"confidence_interval":{"confidence_level":0.95,"lower_bound":-0.3932728948670229,"upper_bound":-0.39255727869548496},"point_estimate":-0.3930769323923049,"standard_error":0.00019216068492492657}}