{"mean":{"confidence_interval":{"confidence_level":0.95,"lower_bound":-0.03860423131881462,"upper_bound":-0.027754177615204555},"point_estimate":-0.03263617706062294,"standard_error":0.0027943978445569813},"median":{"confidence_interval":{"confidence_level":0.95,"lower_bound":-0.0334132194895137,"upper_bound":-0.024552849537017273},"point_estimate":-0.0298142433680737,"standard_error":0.0021479910200743538}}