{"mean":{"confidence_interval":{"confidence_level":0.95,"lower_bound":-0.38922248316707675,"upper_bound":-0.38800250215288346},"point_estimate":-0.38859950727089876,"standard_error":0.0003101678964695389},"median":{"confidence_interval":{"confidence_level":0.95,"lower_bound":-0.388883439986617,"upper_bound":-0.38835802973756417},"point_estimate":-0.3885781226934557,"standard_error":0.00012993596809527348}}