{"mean":{"confidence_interval":{"confidence_level":0.95,"lower_bound":-0.35439122281916013,"upper_bound":-0.35010596860702264},"point_estimate":-0.3522049114260877,"standard_error":0.0010984203989699171},"median":{"confidence_interval":{"confidence_level":0.95,"lower_bound":-0.3471844823083037,"upper_bound":-0.346396404406597},"point_estimate":-0.34683311818518514,"standard_error":0.0001978528949683786}}