{"mean":{"confidence_interval":{"confidence_level":0.95,"lower_bound":148634.5171471098,"upper_bound":149429.2456574703},"point_estimate":149028.43510451427,"standard_error":202.15898528384145},"median":{"confidence_interval":{"confidence_level":0.95,"lower_bound":148431.09523809524,"upper_bound":148989.30194805196},"point_estimate":148693.56279114907,"standard_error":119.929908683855},"median_abs_dev":{"confidence_interval":{"confidence_level":0.95,"lower_bound":1110.8057545770016,"upper_bound":1850.1312764653255},"point_estimate":1540.1306871315792,"standard_error":203.99863077672134},"slope":{"confidence_interval":{"confidence_level":0.95,"lower_bound":148332.7473362626,"upper_bound":149391.20113299624},"point_estimate":148863.2124866474,"standard_error":269.4884015788743},"std_dev":{"confidence_interval":{"confidence_level":0.95,"lower_bound":1704.2522705640483,"upper_bound":2312.6249837650444},"point_estimate":2028.5099116383305,"standard_error":155.2912606744942}}