{"mean":{"confidence_interval":{"confidence_level":0.95,"lower_bound":147985.91888204863,"upper_bound":148188.3509666536},"point_estimate":148076.24014513846,"standard_error":52.11771962855318},"median":{"confidence_interval":{"confidence_level":0.95,"lower_bound":147930.90062111802,"upper_bound":148017.53411989796},"point_estimate":147975.19332918353,"standard_error":23.573021016444233},"median_abs_dev":{"confidence_interval":{"confidence_level":0.95,"lower_bound":132.66068358993925,"upper_bound":232.19545105537313},"point_estimate":180.8380895834202,"standard_error":25.900549226283736},"slope":{"confidence_interval":{"confidence_level":0.95,"lower_bound":147932.01236375212,"upper_bound":148006.69580418835},"point_estimate":147969.53390825223,"standard_error":19.056033244044823},"std_dev":{"confidence_interval":{"confidence_level":0.95,"lower_bound":217.93904244587426,"upper_bound":742.5563080527014},"point_estimate":520.498743239332,"standard_error":129.1303173761325}}