{"mean":{"confidence_interval":{"confidence_level":0.95,"lower_bound":67315.38576708332,"upper_bound":67411.35765957757},"point_estimate":67359.33726640335,"standard_error":24.644188945757136},"median":{"confidence_interval":{"confidence_level":0.95,"lower_bound":67269.278,"upper_bound":67303.63671652423},"point_estimate":67283.28635270632,"standard_error":8.167086451307561},"median_abs_dev":{"confidence_interval":{"confidence_level":0.95,"lower_bound":55.425266996644794,"upper_bound":94.63338481564097},"point_estimate":73.30408566828612,"standard_error":10.01269086868854},"slope":{"confidence_interval":{"confidence_level":0.95,"lower_bound":67270.22029751366,"upper_bound":67317.56943066034},"point_estimate":67288.79851278263,"standard_error":12.349293007512596},"std_dev":{"confidence_interval":{"confidence_level":0.95,"lower_bound":141.4488336134263,"upper_bound":332.98528873709824},"point_estimate":248.29969188887046,"standard_error":49.214830871908575}}