{"mean":{"confidence_interval":{"confidence_level":0.95,"lower_bound":65887.39672749628,"upper_bound":66476.59523851726},"point_estimate":66164.38312635341,"standard_error":150.68449952660112},"median":{"confidence_interval":{"confidence_level":0.95,"lower_bound":65604.87578947368,"upper_bound":66438.82882882883},"point_estimate":66120.06090909091,"standard_error":202.61835389901165},"median_abs_dev":{"confidence_interval":{"confidence_level":0.95,"lower_bound":1110.820808157786,"upper_bound":1643.0801150006855},"point_estimate":1399.6428918726847,"standard_error":128.8056558582269},"slope":{"confidence_interval":{"confidence_level":0.95,"lower_bound":65269.89460765436,"upper_bound":66037.87524379247},"point_estimate":65621.46034953943,"standard_error":196.34867305925798},"std_dev":{"confidence_interval":{"confidence_level":0.95,"lower_bound":1071.7798823231249,"upper_bound":2050.078670243532},"point_estimate":1514.505221289221,"standard_error":283.49727136073614}}