{"mean":{"confidence_interval":{"confidence_level":0.95,"lower_bound":-0.4246508011900839,"upper_bound":-0.4195375122615796},"point_estimate":-0.42205404943660796,"standard_error":0.0013073367816751468},"median":{"confidence_interval":{"confidence_level":0.95,"lower_bound":-0.42206161515914686,"upper_bound":-0.42012717578173786},"point_estimate":-0.42107588732698986,"standard_error":0.0005086838581911645}}