{"mean":{"confidence_interval":{"confidence_level":0.95,"lower_bound":-0.03451494365109632,"upper_bound":-0.030460119038367307},"point_estimate":-0.032462982801203966,"standard_error":0.0010310509534768033},"median":{"confidence_interval":{"confidence_level":0.95,"lower_bound":-0.034833809133979855,"upper_bound":-0.030740424743077144},"point_estimate":-0.0327813401347411,"standard_error":0.000961219964257706}}