{"mean":{"confidence_interval":{"confidence_level":0.95,"lower_bound":-0.029976785732013254,"upper_bound":-0.024455228586214798},"point_estimate":-0.027360154415564386,"standard_error":0.0014137362660526338},"median":{"confidence_interval":{"confidence_level":0.95,"lower_bound":-0.030627188471172517,"upper_bound":-0.02790496482966219},"point_estimate":-0.029419239454927748,"standard_error":0.0007070394952250863}}