{"mean":{"confidence_interval":{"confidence_level":0.95,"lower_bound":826.344664284474,"upper_bound":833.3368006786665},"point_estimate":829.5724154114391,"standard_error":1.7930255507304145},"median":{"confidence_interval":{"confidence_level":0.95,"lower_bound":821.4759732023948,"upper_bound":824.5994920446333},"point_estimate":822.0886745966732,"standard_error":0.8644108253972438},"median_abs_dev":{"confidence_interval":{"confidence_level":0.95,"lower_bound":3.2710345784868444,"upper_bound":7.660279342781651},"point_estimate":4.604746935804663,"standard_error":1.0822827075805785},"slope":{"confidence_interval":{"confidence_level":0.95,"lower_bound":826.8083133577665,"upper_bound":835.3152765708791},"point_estimate":831.0995300076181,"standard_error":2.1707708309310867},"std_dev":{"confidence_interval":{"confidence_level":0.95,"lower_bound":11.33335369742348,"upper_bound":24.76594303377835},"point_estimate":18.064307318996605,"standard_error":3.566570208921176}}