{"mean":{"confidence_interval":{"confidence_level":0.95,"lower_bound":-0.11009918547674016,"upper_bound":-0.10872377287085691},"point_estimate":-0.10937990403951081,"standard_error":0.00035218765974973185},"median":{"confidence_interval":{"confidence_level":0.95,"lower_bound":-0.10981638407937622,"upper_bound":-0.10886441585834505},"point_estimate":-0.10943326305262435,"standard_error":0.00026321646278159786}}