{"mean":{"confidence_interval":{"confidence_level":0.95,"lower_bound":-0.32980170749430077,"upper_bound":-0.3283727293172955},"point_estimate":-0.3291056336566881,"standard_error":0.0003630449929374925},"median":{"confidence_interval":{"confidence_level":0.95,"lower_bound":-0.3295583127821734,"upper_bound":-0.32889255854178956},"point_estimate":-0.32928419442057666,"standard_error":0.0001688319625953011}}