{"mean":{"confidence_interval":{"confidence_level":0.95,"lower_bound":-0.3223240490271167,"upper_bound":-0.3188693350584551},"point_estimate":-0.3205107526984303,"standard_error":0.0008826662449641698},"median":{"confidence_interval":{"confidence_level":0.95,"lower_bound":-0.32139092472758113,"upper_bound":-0.3208175891869715},"point_estimate":-0.3211045596105505,"standard_error":0.00015038004270295587}}