{"mean":{"confidence_interval":{"confidence_level":0.95,"lower_bound":-0.48046932190769415,"upper_bound":-0.47954886241879524},"point_estimate":-0.47999603718529416,"standard_error":0.00023481165766937786},"median":{"confidence_interval":{"confidence_level":0.95,"lower_bound":-0.48034130583630696,"upper_bound":-0.47980391087600627},"point_estimate":-0.4801293892250954,"standard_error":0.0001381492361598537}}