{"mean":{"confidence_interval":{"confidence_level":0.95,"lower_bound":-0.5066751625667784,"upper_bound":-0.5049573726968623},"point_estimate":-0.5057937648102175,"standard_error":0.0004379072411504604},"median":{"confidence_interval":{"confidence_level":0.95,"lower_bound":-0.5045883509970766,"upper_bound":-0.5040957574348572},"point_estimate":-0.5043358054421827,"standard_error":0.0001337396015710173}}