{"mean":{"confidence_interval":{"confidence_level":0.95,"lower_bound":-0.062345044156727474,"upper_bound":-0.04634990290243327},"point_estimate":-0.05394196171962451,"standard_error":0.004088274868658339},"median":{"confidence_interval":{"confidence_level":0.95,"lower_bound":-0.05046797269102077,"upper_bound":-0.03185884973289754},"point_estimate":-0.04749233673532349,"standard_error":0.005483065742489322}}