{"mean":{"confidence_interval":{"confidence_level":0.95,"lower_bound":-0.05591928000166737,"upper_bound":-0.047618006048425254},"point_estimate":-0.051509365367811144,"standard_error":0.002118779979000632},"median":{"confidence_interval":{"confidence_level":0.95,"lower_bound":-0.04669099950937938,"upper_bound":-0.042804873228307505},"point_estimate":-0.04362798542223101,"standard_error":0.001043199579683993}}