{"mean":{"confidence_interval":{"confidence_level":0.95,"lower_bound":141866.34831507146,"upper_bound":142092.9297682954},"point_estimate":141974.49863052813,"standard_error":57.908585168866374},"median":{"confidence_interval":{"confidence_level":0.95,"lower_bound":141746.7522666555,"upper_bound":141839.2857142857},"point_estimate":141795.8851190476,"standard_error":20.30606021348695},"median_abs_dev":{"confidence_interval":{"confidence_level":0.95,"lower_bound":127.46794995374012,"upper_bound":241.02100313901093},"point_estimate":178.6093679401616,"standard_error":32.245503869839865},"slope":{"confidence_interval":{"confidence_level":0.95,"lower_bound":141858.48269633937,"upper_bound":142219.54604533568},"point_estimate":142033.06244548122,"standard_error":92.55315271075301},"std_dev":{"confidence_interval":{"confidence_level":0.95,"lower_bound":429.9710755958277,"upper_bound":710.8308858087444},"point_estimate":585.9599011537141,"standard_error":71.63406335770537}}