{"mean":{"confidence_interval":{"confidence_level":0.95,"lower_bound":-0.4497765684031055,"upper_bound":-0.44891020427764855},"point_estimate":-0.4493424560863002,"standard_error":0.00022053211154038414},"median":{"confidence_interval":{"confidence_level":0.95,"lower_bound":-0.44951660811983146,"upper_bound":-0.4490485973985523},"point_estimate":-0.44930225881540875,"standard_error":0.00012127657484477723}}