{"mean":{"confidence_interval":{"confidence_level":0.95,"lower_bound":-0.5035873033941978,"upper_bound":-0.5027224490074638},"point_estimate":-0.5031710504079567,"standard_error":0.0002199255077458656},"median":{"confidence_interval":{"confidence_level":0.95,"lower_bound":-0.5036261633929624,"upper_bound":-0.5032711130189584},"point_estimate":-0.503424209809323,"standard_error":0.00008865038798230919}}