{"mean":{"confidence_interval":{"confidence_level":0.95,"lower_bound":55523.82899850109,"upper_bound":55594.5270346206},"point_estimate":55554.59812992548,"standard_error":18.242437145744997},"median":{"confidence_interval":{"confidence_level":0.95,"lower_bound":55507.427860696516,"upper_bound":55531.63231389284},"point_estimate":55520.121775793654,"standard_error":6.945978925067515},"median_abs_dev":{"confidence_interval":{"confidence_level":0.95,"lower_bound":40.40310934367374,"upper_bound":81.4498119639387},"point_estimate":60.05851191985751,"standard_error":10.173507118441062},"slope":{"confidence_interval":{"confidence_level":0.95,"lower_bound":55495.955610111436,"upper_bound":55514.438584480755},"point_estimate":55504.96312102852,"standard_error":4.743444358692348},"std_dev":{"confidence_interval":{"confidence_level":0.95,"lower_bound":68.50281060233497,"upper_bound":273.2393288995367},"point_estimate":183.8175731695546,"standard_error":54.44103620795894}}