{"mean":{"confidence_interval":{"confidence_level":0.95,"lower_bound":-0.5267646795293094,"upper_bound":-0.5241632992763414},"point_estimate":-0.525486931084193,"standard_error":0.0006538990551004625},"median":{"confidence_interval":{"confidence_level":0.95,"lower_bound":-0.5218506156648042,"upper_bound":-0.52135138630013},"point_estimate":-0.5216179845831448,"standard_error":0.000122037278718127}}