{"mean":{"confidence_interval":{"confidence_level":0.95,"lower_bound":-0.3753102147213427,"upper_bound":-0.3740216177563912},"point_estimate":-0.3746550918545053,"standard_error":0.00032819030005748267},"median":{"confidence_interval":{"confidence_level":0.95,"lower_bound":-0.3749096496652934,"upper_bound":-0.3741522125443728},"point_estimate":-0.3745492567455465,"standard_error":0.00019162899969385152}}