{"mean":{"confidence_interval":{"confidence_level":0.95,"lower_bound":-0.45158983366542,"upper_bound":-0.450641127586571},"point_estimate":-0.45110700037229856,"standard_error":0.00024014172894135384},"median":{"confidence_interval":{"confidence_level":0.95,"lower_bound":-0.4515249920951963,"upper_bound":-0.45092243847556807},"point_estimate":-0.4512834748565894,"standard_error":0.00017260671453952822}}