{"mean":{"confidence_interval":{"confidence_level":0.95,"lower_bound":-0.5202064665143067,"upper_bound":-0.5190133562539011},"point_estimate":-0.5196509108491789,"standard_error":0.0002968969156939155},"median":{"confidence_interval":{"confidence_level":0.95,"lower_bound":-0.520087343915622,"upper_bound":-0.5193735734743132},"point_estimate":-0.5196669390142474,"standard_error":0.0001614741318226139}}