{"mean":{"confidence_interval":{"confidence_level":0.95,"lower_bound":-0.39408351956541465,"upper_bound":-0.3924193590254482},"point_estimate":-0.3933853179290221,"standard_error":0.00041594444784998443},"median":{"confidence_interval":{"confidence_level":0.95,"lower_bound":-0.3939717247954629,"upper_bound":-0.39323588705321455},"point_estimate":-0.3936076901540575,"standard_error":0.0001986125136592401}}