{"mean":{"confidence_interval":{"confidence_level":0.95,"lower_bound":-0.4953997745096394,"upper_bound":-0.494472413870816},"point_estimate":-0.4949482093516826,"standard_error":0.00023239894091493728},"median":{"confidence_interval":{"confidence_level":0.95,"lower_bound":-0.4951723812710831,"upper_bound":-0.4948124945590441},"point_estimate":-0.4949910178236705,"standard_error":0.00009402996959770658}}