{"mean":{"confidence_interval":{"confidence_level":0.95,"lower_bound":-0.3928617144790634,"upper_bound":-0.3914729517294666},"point_estimate":-0.39215805246051794,"standard_error":0.00035228542759236877},"median":{"confidence_interval":{"confidence_level":0.95,"lower_bound":-0.39260698493008583,"upper_bound":-0.3917836157452206},"point_estimate":-0.3920677160182907,"standard_error":0.00021746348218076498}}