{"mean":{"confidence_interval":{"confidence_level":0.95,"lower_bound":-0.46287610061362966,"upper_bound":-0.46204689053715725},"point_estimate":-0.4624507025948976,"standard_error":0.0002104117536134978},"median":{"confidence_interval":{"confidence_level":0.95,"lower_bound":-0.4626774291024135,"upper_bound":-0.46232803569637093},"point_estimate":-0.4625561180342621,"standard_error":0.000092019507172808}}